{"test_loss":0.24374925659052807,"test_accuracy":0.8068628916302917,"step":9,"_wandb":{"runtime":5},"_runtime":5,"_timestamp":1.7584814853799787e+09,"_step":9}