task,method,seed,eval_accuracy,eval_f1,eval_loss,primary_metric,primary_metric_name,train_loss,train_runtime,run_id,run_name,project
mrpc,lora,42,0.7034313725490197,0.8032520325203252,0.6016186475753784,0.8032520325203252,f1,5.08343576014727,115.8078,qmfq4oil,lora_mrpc_manual_seed42_050941,NLP-Phase2
mrpc,lora,1337,0.6862745098039216,0.7981072555205048,0.599945068359375,0.7981072555205048,f1,4.78558332070537,116.0703,6y7usr03,lora_mrpc_manual_seed1337_051211,NLP-Phase2
mrpc,lora,2024,0.6740196078431373,0.7865168539325843,0.6102867722511292,0.7865168539325843,f1,5.624884419057561,115.7244,f2dkvatb,lora_mrpc_manual_seed2024_051440,NLP-Phase2
sst2,lora,42,0.89125,,0.28255125880241394,0.89125,accuracy,2.706322231938772,1414.0167,lcr8yo7h,lora_sst2_manual_seed42_051709,NLP-Phase2
sst2,lora,1337,0.88375,,0.29133740067481995,0.88375,accuracy,2.755941389179864,1430.1811,rlhp0zol,lora_sst2_manual_seed1337_054133,NLP-Phase2
sst2,lora,2024,0.8875,,0.28116607666015625,0.8875,accuracy,2.6450829404786855,1352.2138,z08vrydo,lora_sst2_manual_seed2024_060613,NLP-Phase2
rte,lora,42,0.6245487364620939,,0.6714255213737488,0.6245487364620939,accuracy,5.408133482321714,231.9524,54dfwh53,lora_rte_manual_seed42_062934,NLP-Phase2
rte,lora,1337,0.6209386281588448,,0.6708570122718811,0.6209386281588448,accuracy,5.338928809532752,233.3176,8mqilce4,lora_rte_manual_seed1337_063355,NLP-Phase2
rte,lora,2024,0.6245487364620939,,0.6771702766418457,0.6245487364620939,accuracy,5.371470182369917,233.14,kzro8ec0,lora_rte_manual_seed2024_063818,NLP-Phase2
