Task,Drift Reduction (%),Std (%),P-value,Significant
MRPC,1.5726422361767458,0.521836180103651,0.025443526013151953,✅
SST2,28.626371397774744,1.2384646378201336,0.00046726741853782495,✅
RTE,0.1292175058754976,0.6306237584045632,0.39963318621695887,❌
